Date,Series,Open,High,Low,Prev Close,Last,Close,VWAP,52W H,52W L,Volume,Turnover,Trades
2023-02-24,EQ,27.95,28.25,27.8,27.75,27.85,27.85,27.98,37.1,19.3,"1,04,02,222","29,10,85,188.85","21,068"
2023-02-27,EQ,28.1,28.15,27.0,27.85,27.1,27.1,27.35,37.1,19.3,"1,44,16,765","39,43,23,482.90","33,357"
2023-02-28,EQ,27.25,27.5,26.8,27.1,26.8,26.95,27.1,37.1,19.3,"1,62,07,572","43,92,99,408.00","28,996"
2023-03-01,EQ,26.95,28.2,26.9,26.95,27.3,27.3,27.6,37.1,19.3,"2,77,61,685","76,61,72,826.65","33,699"
2023-03-02,EQ,27.45,29.5,27.35,27.3,28.6,28.5,28.63,37.1,19.3,"7,49,72,504","2,14,63,88,003.90","66,800"
2023-03-03,EQ,28.8,29.0,27.8,28.5,28.3,28.2,28.17,37.1,19.3,"3,18,86,865","89,83,65,931.85","44,716"
2023-03-06,EQ,28.45,29.2,28.1,28.2,28.3,28.2,28.55,37.1,19.3,"2,40,34,894","68,60,96,320.75","40,621"
2023-03-08,EQ,28.2,28.3,27.9,28.2,28.05,28.05,28.08,37.1,19.3,"1,69,51,705","47,59,93,359.90","31,394"
2023-03-09,EQ,28.1,28.75,27.75,28.05,28.0,27.85,28.15,37.1,19.3,"2,94,57,034","82,91,76,394.85","34,105"
2023-03-10,EQ,27.7,28.2,27.55,27.85,28.1,28.0,27.91,37.1,19.3,"1,86,02,384","51,91,11,923.15","24,669"
2023-03-13,EQ,28.15,28.2,27.25,28.0,27.45,27.4,27.63,37.1,19.3,"1,64,51,332","45,45,42,167.85","30,953"
2023-03-14,EQ,27.6,27.65,26.85,27.4,27.15,27.1,27.16,37.1,19.3,"1,72,56,430","46,87,29,151.35","33,359"
2023-03-15,EQ,27.4,27.6,26.85,27.1,27.0,27.0,27.2,37.1,19.3,"1,03,78,460","28,22,73,166.65","20,283"
2023-03-16,EQ,27.0,27.25,26.4,27.0,27.1,27.05,26.76,37.1,19.3,"1,61,45,407","43,20,61,798.75","25,224"
2023-03-17,EQ,27.25,27.5,26.85,27.05,27.15,27.0,27.05,37.1,19.3,"1,44,74,482","39,14,87,678.20","24,665"
2023-03-20,EQ,26.95,26.95,26.5,27.0,26.8,26.7,26.71,37.1,19.3,"1,28,17,483","34,23,96,101.90","27,262"
2023-03-21,EQ,26.9,26.95,26.75,26.7,26.8,26.8,26.83,37.1,19.3,"82,31,139","22,08,07,439.55","14,830"
2023-03-22,EQ,26.95,27.25,26.85,26.8,27.0,26.95,27.02,37.1,19.3,"95,24,521","25,73,66,058.55","14,627"
2023-03-23,EQ,26.9,27.05,26.7,26.95,26.8,26.8,26.84,37.1,19.3,"97,50,086","26,16,44,591.65","15,065"
2023-03-24,EQ,26.9,26.95,26.45,26.8,26.55,26.55,26.72,37.1,19.3,"94,05,435","25,13,53,548.30","16,688"
2023-03-27,EQ,26.6,26.9,25.75,26.55,25.85,25.9,26.13,37.1,19.3,"1,46,82,995","38,37,00,547.55","35,327"
2023-03-28,EQ,26.0,26.0,25.4,25.9,25.6,25.5,25.62,37.1,19.3,"1,01,79,329","26,07,96,830.60","22,137"
2023-03-29,EQ,25.5,26.5,25.5,25.5,26.45,26.35,26.1,37.1,19.3,"1,54,58,843","40,34,77,495.90","20,714"
2023-03-31,EQ,26.5,27.3,26.45,26.35,26.65,26.6,26.84,37.1,19.3,"1,72,09,537","46,19,68,021.45","26,428"
2023-04-03,EQ,26.85,28.0,26.7,26.6,27.95,27.8,27.56,37.1,19.3,"2,74,98,143","75,77,61,305.10","31,313"
2023-04-05,EQ,28.0,28.15,27.25,27.8,27.5,27.4,27.52,37.1,19.3,"1,60,69,321","44,22,36,352.80","23,480"
2023-04-06,EQ,27.35,27.7,27.2,27.4,27.5,27.45,27.47,37.1,19.3,"1,20,59,313","33,12,73,496.65","16,389"
2023-04-10,EQ,27.6,27.95,27.4,27.45,27.55,27.55,27.67,37.1,19.3,"1,35,98,478","37,62,07,322.45","20,776"
2023-04-11,EQ,27.6,27.9,27.55,27.55,27.6,27.6,27.69,37.1,19.3,"1,03,51,890","28,66,46,529.75","17,064"
2023-04-12,EQ,27.65,27.75,27.25,27.6,27.4,27.35,27.53,37.1,19.3,"1,06,28,633","29,25,57,937.05","19,265"
2023-04-13,EQ,27.4,28.0,27.35,27.35,27.5,27.5,27.62,37.1,19.3,"1,21,52,354","33,56,66,840.20","17,304"
2023-04-17,EQ,27.5,27.65,27.25,27.5,27.55,27.55,27.44,37.1,19.3,"1,01,52,996","27,86,22,572.00","21,288"
2023-04-18,EQ,27.55,28.65,27.5,27.55,28.3,28.25,28.23,37.1,19.3,"2,91,41,937","82,27,61,257.20","35,700"
2023-04-19,EQ,28.25,28.55,27.75,28.25,27.85,27.85,28.07,37.1,19.3,"1,28,02,470","35,93,58,917.45","18,040"
2023-04-20,EQ,27.95,28.35,27.8,27.85,28.25,28.2,28.14,37.1,19.3,"2,11,80,929","59,59,37,220.25","21,994"
2023-04-21,EQ,28.3,28.55,27.9,28.2,27.95,28.05,28.19,37.1,19.3,"1,55,43,321","43,81,39,215.80","17,613"
2023-04-24,EQ,28.1,30.0,27.95,28.05,29.75,29.55,29.38,37.1,19.3,"11,49,14,226","3,37,59,53,699.85","80,365"
2023-04-25,EQ,29.85,31.2,29.35,29.55,31.0,30.8,30.2,37.1,19.3,"16,54,37,101","4,99,61,68,537.35","1,16,013"
2023-04-26,EQ,31.05,31.6,30.05,30.8,30.15,30.25,30.81,37.1,19.3,"12,48,14,428","3,84,56,13,023.50","1,69,663"
2023-04-27,EQ,30.25,32.5,29.9,30.25,31.45,31.45,31.63,37.1,19.3,"23,50,48,732","7,43,56,11,880.60","1,98,277"
2023-04-28,EQ,31.7,32.35,31.5,31.45,31.75,31.75,31.89,37.1,19.3,"9,45,69,856","3,01,57,30,161.35","95,170"
2023-05-02,EQ,32.3,33.95,32.2,31.75,33.75,33.55,33.38,37.1,19.3,"20,44,53,588","6,82,55,72,648.60","1,91,548"
2023-05-03,EQ,33.7,36.05,33.55,33.55,35.5,35.45,35.07,37.1,19.3,"34,31,51,755","12,03,26,86,484.75","2,86,177"
2023-05-04,EQ,36.05,37.4,34.0,35.45,34.25,34.2,35.65,37.4,19.3,"27,51,21,738","9,80,78,87,015.75","2,44,817"
2023-05-05,EQ,34.45,35.35,34.1,34.2,34.75,34.85,34.61,37.4,19.3,"20,74,83,533","7,18,15,76,193.10","1,65,736"
2023-05-08,EQ,35.25,36.05,34.7,34.85,34.9,34.85,35.34,37.4,19.3,"15,89,14,127","5,61,60,85,095.80","1,71,396"
2023-05-09,EQ,35.25,35.55,32.7,34.85,32.85,32.9,33.87,37.4,19.3,"12,69,05,423","4,29,78,14,617.70","1,52,118"
2023-05-10,EQ,32.9,33.5,31.9,32.9,33.2,32.85,32.39,37.4,19.3,"9,44,17,242","3,05,85,46,498.25","99,173"
2023-05-11,EQ,33.4,34.35,33.2,32.85,33.75,33.7,33.79,37.4,19.3,"13,77,43,556","4,65,45,91,422.20","1,34,580"
2023-05-12,EQ,33.75,33.95,33.05,33.7,33.35,33.35,33.36,37.4,19.3,"5,40,99,932","1,80,45,90,096.80","58,359"
2023-05-15,EQ,33.6,33.95,33.05,33.35,33.5,33.45,33.53,37.4,19.3,"4,88,01,180","1,63,62,39,634.35","70,325"
2023-05-16,EQ,33.65,33.95,33.4,33.45,33.55,33.55,33.67,37.4,19.3,"5,01,04,989","1,68,69,51,048.85","57,055"
2023-05-17,EQ,33.65,34.65,33.6,33.55,34.05,34.0,34.13,37.4,19.3,"8,77,73,958","2,99,60,53,263.55","88,258"
2023-05-18,EQ,34.4,34.65,33.7,34.0,34.0,33.9,34.12,37.4,19.3,"4,31,39,793","1,47,19,69,394.90","61,570"
2023-05-19,EQ,34.1,34.25,33.05,33.9,33.6,33.5,33.49,37.4,19.3,"3,86,23,945","1,29,33,22,911.65","53,684"
2023-05-22,EQ,33.55,33.7,33.15,33.5,33.35,33.35,33.41,37.4,19.3,"3,90,38,713","1,30,43,68,367.50","49,125"
2023-05-23,EQ,33.4,33.75,33.25,33.35,33.35,33.35,33.41,37.4,19.3,"2,63,34,035","87,99,25,004.05","36,598"
2023-05-24,EQ,33.25,34.3,33.15,33.35,33.9,33.85,33.88,37.4,19.3,"4,94,17,869","1,67,44,26,648.65","48,939"
2023-05-25,EQ,33.9,34.15,31.65,33.85,31.95,32.0,32.87,37.4,19.3,"7,89,18,846","2,59,38,30,328.35","96,872"
2023-05-26,EQ,32.0,32.25,31.2,32.0,31.9,31.9,31.81,37.4,19.3,"5,22,80,306","1,66,30,91,930.85","64,161"
2023-05-29,EQ,32.25,32.6,32.0,31.9,32.55,32.45,32.35,37.4,19.3,"3,83,42,982","1,24,04,42,733.05","40,244"
2023-05-30,EQ,31.9,32.25,31.8,32.45,32.0,32.0,32.01,37.4,19.3,"3,07,54,089","98,45,77,370.55","41,825"
2023-05-31,EQ,32.0,32.3,31.8,32.0,32.25,32.2,32.04,37.4,19.3,"2,53,41,934","81,18,45,157.65","33,642"
2023-06-01,EQ,32.25,32.45,32.0,32.2,32.05,32.15,32.23,37.4,19.3,"2,07,94,791","67,01,26,376.00","28,926"
2023-06-02,EQ,32.3,32.4,31.9,32.15,32.05,32.0,32.06,37.4,19.3,"1,81,55,919","58,20,89,589.80","35,644"
2023-06-05,EQ,32.05,32.15,31.75,32.0,31.8,31.8,31.9,37.4,19.3,"2,36,79,377","75,53,79,930.40","43,497"
2023-06-06,EQ,31.85,32.5,31.8,31.8,32.35,32.3,32.21,37.4,19.3,"3,15,26,798","1,01,54,45,631.40","33,667"
2023-06-07,EQ,32.45,34.1,32.3,32.3,33.85,33.85,33.38,37.4,19.3,"9,98,88,253","3,33,39,77,948.10","84,297"
2023-06-08,EQ,34.15,34.2,33.1,33.85,33.45,33.4,33.59,37.4,19.3,"4,69,14,299","1,57,58,62,423.05","45,849"
2023-06-09,EQ,33.55,33.6,32.95,33.4,33.05,33.15,33.17,37.4,19.3,"2,48,30,925","82,37,07,427.25","35,180"
2023-06-12,EQ,33.25,33.3,32.9,33.15,32.95,33.05,33.08,37.4,19.3,"1,84,81,171","61,13,16,948.20","36,172"
2023-06-13,EQ,33.05,33.25,32.8,33.05,32.9,33.0,32.97,37.4,19.3,"1,68,12,036","55,43,50,575.45","30,507"
2023-06-14,EQ,33.25,33.5,33.0,33.0,33.0,33.05,33.17,37.4,19.3,"1,94,89,115","64,65,31,789.25","29,125"
2023-06-15,EQ,33.05,33.2,32.75,33.05,32.85,32.85,32.93,37.4,19.3,"1,47,36,948","48,53,11,643.65","26,928"
2023-06-16,EQ,33.0,33.25,32.8,32.85,32.95,32.95,32.99,37.4,19.3,"1,80,34,381","59,48,67,895.30","27,137"
2023-06-19,EQ,33.1,33.4,32.9,32.95,33.05,33.0,33.14,37.4,19.3,"2,38,21,237","78,94,69,353.95","35,377"
2023-06-20,EQ,32.85,33.2,32.65,33.0,33.2,33.1,32.91,37.4,19.3,"1,74,10,144","57,30,37,668.35","38,762"
2023-06-21,EQ,33.3,33.55,32.9,33.1,33.05,33.05,33.25,37.4,19.3,"2,30,54,775","76,65,72,920.80","28,176"
2023-06-22,EQ,33.05,33.15,32.65,33.05,32.8,32.8,32.86,37.4,19.3,"1,41,09,469","46,36,09,467.70","25,018"
2023-06-23,EQ,32.8,32.85,32.15,32.8,32.25,32.25,32.41,37.4,19.3,"2,43,07,838","78,78,78,314.30","36,684"
2023-06-26,EQ,32.3,32.8,31.95,32.25,32.3,32.35,32.36,37.4,19.45,"1,10,33,301","35,69,98,405.05","26,701"
2023-06-27,EQ,32.35,33.0,32.1,32.35,32.65,32.7,32.66,37.4,19.45,"2,36,52,368","77,25,09,895.40","31,352"
2023-06-28,EQ,32.65,32.85,32.5,32.7,32.6,32.65,32.65,37.4,19.45,"96,48,453","31,50,07,000.05","26,039"
2023-06-30,EQ,32.75,33.1,32.45,32.65,32.65,32.7,32.73,37.4,19.45,"1,43,73,970","47,04,98,684.40","27,222"
2023-07-03,EQ,32.85,33.0,32.7,32.7,32.8,32.75,32.84,37.4,19.65,"1,62,88,496","53,48,34,314.75","33,256"
2023-07-04,EQ,32.8,33.3,32.6,32.75,33.2,33.1,32.99,37.4,19.65,"2,94,46,900","97,13,74,746.20","31,205"
2023-07-05,EQ,33.2,34.15,33.15,33.1,33.45,33.45,33.66,37.4,19.65,"4,15,85,187","1,39,98,90,130.30","41,587"
2023-07-06,EQ,33.5,33.65,33.25,33.45,33.35,33.35,33.44,37.4,19.65,"1,86,63,493","62,40,91,540.90","31,257"
2023-07-07,EQ,33.3,33.5,32.9,33.35,33.15,33.1,33.16,37.4,19.65,"1,49,12,804","49,44,98,356.80","26,419"
2023-07-10,EQ,33.25,33.25,32.8,33.1,32.9,32.95,32.97,37.4,19.9,"1,32,03,680","43,53,40,077.70","29,263"
2023-07-11,EQ,32.95,33.1,32.8,32.95,32.9,32.9,32.93,37.4,19.9,"1,34,06,298","44,14,69,525.35","24,705"
2023-07-12,EQ,32.8,33.15,32.75,32.9,32.9,32.95,32.97,37.4,19.9,"1,82,76,560","60,26,65,842.10","29,178"
2023-07-13,EQ,33.05,33.1,32.4,32.95,32.5,32.55,32.75,37.4,19.9,"1,27,69,558","41,81,81,782.15","28,211"
2023-07-14,EQ,32.5,32.8,32.45,32.55,32.6,32.55,32.58,37.4,19.9,"1,09,88,416","35,80,10,373.35","22,854"
2023-07-17,EQ,32.55,32.8,32.35,32.55,32.5,32.5,32.53,37.4,20.1,"1,75,32,573","57,02,96,573.50","31,746"
2023-07-18,EQ,32.6,33.2,32.45,32.5,32.6,32.6,32.77,37.4,20.1,"2,44,80,880","80,23,53,678.25","31,671"
2023-07-19,EQ,32.7,32.95,32.55,32.6,32.8,32.85,32.71,37.4,20.1,"1,41,17,155","46,17,87,766.50","25,281"
2023-07-20,EQ,32.9,33.65,32.8,32.85,33.3,33.25,33.22,37.4,20.1,"4,20,35,133","1,39,64,30,880.00","41,690"
2023-07-21,EQ,33.3,35.2,33.2,33.25,35.2,34.95,34.7,37.4,20.1,"17,27,75,659","5,99,59,23,990.20","1,32,266"
2023-07-24,EQ,35.5,36.1,34.7,34.95,34.9,35.1,35.58,37.4,20.25,"8,99,31,586","3,20,00,28,540.00","94,498"
2023-07-25,EQ,35.15,35.2,34.3,35.1,34.55,34.45,34.62,37.4,20.25,"3,34,46,144","1,15,78,43,799.25","52,029"
2023-07-26,EQ,34.65,36.25,34.6,34.45,35.4,35.25,35.5,37.4,20.25,"8,52,47,455","3,02,65,79,389.90","76,588"
2023-07-27,EQ,35.35,35.35,34.55,35.25,34.85,34.85,34.92,37.4,20.25,"3,76,79,849","1,31,56,65,105.50","49,169"
2023-07-28,EQ,35.1,35.45,34.75,34.85,35.0,35.05,35.02,37.4,20.25,"3,09,23,854","1,08,30,44,524.55","41,709"
2023-07-31,EQ,35.5,38.55,35.15,35.05,38.4,38.2,37.39,38.55,20.55,"21,60,12,818","8,07,62,45,530.75","1,84,544"
2023-08-01,EQ,39.0,41.7,38.8,38.2,40.7,40.5,40.54,41.7,20.55,"38,16,93,749","15,47,44,76,543.35","2,98,618"
2023-08-02,EQ,40.75,41.1,38.85,40.5,39.65,39.7,40.03,41.7,20.55,"15,96,10,570","6,38,98,22,064.40","1,97,378"
2023-08-03,EQ,39.9,45.3,39.75,39.7,45.3,44.7,43.48,45.3,20.55,"45,49,43,778","19,78,11,71,517.35","4,32,989"
2023-08-04,EQ,46.8,48.3,44.5,44.7,44.95,45.05,46.15,48.3,20.55,"27,43,50,314","12,66,24,82,662.20","3,50,914"
2023-08-07,EQ,45.95,50.65,45.7,45.05,50.55,49.75,48.19,50.65,20.8,"30,68,63,736","14,78,89,56,039.80","3,99,846"
2023-08-08,EQ,51.25,52.0,49.4,49.75,50.25,50.3,50.45,52.0,20.8,"30,32,87,703","15,30,07,17,696.10","3,78,469"
2023-08-09,EQ,49.9,50.1,48.05,50.3,48.8,48.95,48.94,52.0,20.8,"17,08,74,267","8,36,21,54,575.90","2,38,551"
2023-08-10,EQ,48.95,50.3,48.85,48.95,49.3,49.45,49.62,52.0,20.8,"10,89,26,518","5,40,48,64,508.75","1,53,948"
2023-08-11,EQ,49.7,50.15,48.5,49.45,49.0,48.9,49.08,52.0,20.8,"6,90,84,615","3,39,05,23,042.40","1,29,789"
2023-08-14,EQ,48.65,51.3,44.85,48.9,50.6,50.85,48.93,52.0,20.8,"24,06,38,055","11,77,47,10,333.25","2,91,727"
2023-08-16,EQ,50.9,52.7,50.4,50.85,50.95,51.25,51.64,52.7,20.8,"20,75,00,648","10,71,48,41,675.75","2,56,520"
2023-08-17,EQ,50.0,50.0,46.7,51.25,47.45,47.65,48.72,52.7,20.8,"15,52,17,100","7,56,22,65,513.95","2,99,161"
2023-08-18,EQ,47.65,49.0,46.4,47.65,47.2,47.25,47.53,52.7,20.8,"12,79,76,241","6,08,27,42,054.30","2,14,122"
2023-08-21,EQ,48.2,48.35,47.45,47.25,47.65,47.75,47.86,52.7,20.8,"7,44,15,020","3,56,16,23,785.55","1,51,143"
2023-08-22,EQ,48.1,48.2,47.6,47.75,47.8,47.85,47.89,52.7,20.8,"4,08,81,273","1,95,79,97,617.80","1,00,059"
2023-08-23,EQ,48.0,48.15,47.6,47.85,47.65,47.75,47.85,52.7,20.8,"2,96,10,934","1,41,67,76,500.05","84,013"
2023-08-24,EQ,48.0,50.25,47.9,47.75,48.6,48.6,49.19,52.7,20.8,"11,98,24,410","5,89,41,23,441.55","1,62,543"
2023-08-25,EQ,48.7,49.2,48.05,48.6,48.5,48.4,48.58,52.7,20.8,"3,67,32,928","1,78,45,87,953.05","88,016"
2023-08-28,EQ,48.9,49.3,48.5,48.4,48.7,48.7,48.91,52.7,20.8,"4,24,44,304","2,07,59,43,066.35","87,738"
2023-08-29,EQ,49.05,50.85,48.95,48.7,49.4,49.5,49.97,52.7,20.8,"10,73,31,968","5,36,31,64,143.70","1,30,935"
2023-08-30,EQ,50.0,50.85,49.6,49.5,49.9,49.8,50.09,52.7,20.8,"5,75,80,129","2,88,43,77,938.50","1,26,526"
2023-08-31,EQ,50.3,50.5,49.8,49.8,50.15,50.2,50.17,52.7,20.8,"3,73,88,795","1,87,58,61,096.55","84,113"
2023-09-01,EQ,50.5,56.5,50.1,50.2,56.25,55.75,53.58,56.5,20.8,"23,60,65,708","12,64,93,61,306.95","2,82,314"
2023-09-04,EQ,57.7,66.9,57.15,55.75,66.9,66.7,64.66,66.9,20.8,"50,42,43,805","32,60,41,03,817.25","7,14,987"
2023-09-05,EQ,69.75,75.7,69.5,66.7,72.25,72.25,72.27,75.7,20.8,"57,38,70,002","41,47,60,17,472.55","9,12,591"
2023-09-06,EQ,73.5,74.0,67.25,72.25,68.75,68.75,69.08,75.7,20.8,"20,39,98,733","14,09,23,53,700.50","3,88,026"
2023-09-07,EQ,69.1,74.5,68.2,68.75,73.45,73.15,72.84,75.7,20.8,"20,25,38,874","14,75,37,63,979.85","3,64,975"
2023-09-08,EQ,74.7,77.95,74.65,73.15,77.4,77.1,76.02,77.95,20.8,"17,92,88,780","13,62,87,88,381.80","3,50,490"
2023-09-11,EQ,81.7,84.8,81.5,77.1,84.8,84.75,84.18,84.8,20.8,"16,99,43,821","14,30,56,14,756.65","3,73,893"
2023-09-12,EQ,91.0,92.35,77.35,84.75,82.9,82.8,84.71,92.35,20.8,"39,50,03,025","33,46,26,33,401.00","9,24,222"
2023-09-13,EQ,79.9,84.3,75.4,82.8,78.75,78.9,79.34,92.35,20.8,"23,85,78,975","18,92,83,48,552.95","5,28,612"
2023-09-14,EQ,81.0,82.0,78.75,78.9,81.35,81.25,80.35,92.35,20.8,"12,97,97,195","10,42,90,45,908.85","2,83,335"
2023-09-15,EQ,81.75,82.15,78.75,81.25,79.15,79.35,79.73,92.35,20.8,"7,70,20,431","6,14,09,84,735.95","1,87,763"
2023-09-18,EQ,79.7,79.7,76.3,79.35,76.5,76.6,77.05,92.35,20.8,"7,39,58,819","5,69,85,48,722.00","2,49,233"
2023-09-20,EQ,76.0,79.45,74.0,76.6,77.3,77.2,77.53,92.35,20.8,"7,64,14,678","5,92,46,55,723.15","2,12,395"
2023-09-21,EQ,77.2,78.25,74.0,77.2,74.5,74.45,75.96,92.35,20.8,"5,23,60,179","3,97,72,89,270.65","1,86,906"
2023-09-22,EQ,75.0,76.1,71.35,74.45,74.85,75.1,73.83,92.35,20.8,"9,48,66,289","7,00,38,74,216.45","2,22,349"
2023-09-25,EQ,76.15,78.7,74.8,75.1,76.8,76.8,77.11,92.35,20.8,"8,55,06,777","6,59,31,60,730.50","2,08,193"
2023-09-26,EQ,77.2,77.45,75.55,76.8,75.95,75.95,76.29,92.35,20.8,"3,31,38,244","2,52,81,99,414.10","1,11,519"
2023-09-27,EQ,74.85,76.7,74.85,75.95,75.3,75.4,75.65,92.35,20.8,"3,19,66,561","2,41,83,51,386.85","95,393"
2023-09-28,EQ,76.0,76.3,74.5,75.4,75.0,74.85,75.31,92.35,20.8,"2,50,11,662","1,88,35,62,732.30","89,103"
2023-09-29,EQ,75.3,77.55,74.6,74.85,76.6,76.55,76.18,92.35,20.8,"3,92,54,526","2,99,02,65,089.95","99,730"
2023-10-03,EQ,76.85,77.8,76.3,76.55,76.4,76.6,76.89,92.35,21.15,"3,26,81,918","2,51,29,25,124.40","1,15,011"
2023-10-04,EQ,76.45,76.6,73.8,76.6,75.1,75.05,74.96,92.35,21.15,"3,45,05,676","2,58,65,29,969.05","1,38,045"
2023-10-05,EQ,75.75,75.85,74.0,75.05,74.3,74.35,74.65,92.35,21.15,"2,07,16,740","1,54,64,03,956.45","89,908"
2023-10-06,EQ,74.8,76.0,73.8,74.35,74.9,74.85,74.95,92.35,21.15,"2,74,07,523","2,05,40,74,399.85","84,400"
2023-10-09,EQ,72.65,72.95,70.35,74.85,71.05,71.15,71.65,92.35,21.2,"4,98,05,228","3,56,84,34,292.85","2,02,967"
2023-10-10,EQ,71.4,76.25,71.35,71.15,75.7,75.65,74.94,92.35,21.2,"7,50,97,719","5,62,80,62,487.45","1,69,394"
2023-10-11,EQ,76.6,77.65,75.35,75.65,75.55,75.6,76.46,92.35,21.2,"4,51,28,089","3,45,03,15,308.25","1,13,088"
2023-10-12,EQ,76.05,76.1,74.8,75.6,75.15,75.1,75.2,92.35,21.2,"2,15,87,597","1,62,34,46,614.30","77,376"
2023-10-13,EQ,75.0,78.35,74.5,75.1,76.65,76.6,77.01,92.35,21.2,"7,87,55,411","6,06,47,89,453.50","1,57,864"
2023-10-16,EQ,77.2,77.25,76.2,76.6,76.35,76.3,76.56,92.35,21.2,"2,31,87,941","1,77,53,73,659.70","75,884"
2023-10-17,EQ,76.95,80.8,76.6,76.3,79.15,79.15,79.51,92.35,21.2,"15,32,56,370","12,18,60,34,659.90","2,87,743"
2023-10-18,EQ,79.9,80.7,77.15,79.15,77.6,77.5,78.57,92.35,21.2,"6,02,10,098","4,73,05,03,667.15","1,53,683"
2023-10-19,EQ,76.1,78.4,75.8,77.5,77.65,77.6,77.32,92.35,21.2,"3,62,81,928","2,80,53,08,398.95","1,00,826"
2023-10-20,EQ,77.6,79.25,76.65,77.6,77.05,77.05,77.94,92.35,21.2,"3,45,71,282","2,69,46,21,246.05","95,592"
2023-10-23,EQ,77.5,77.95,72.0,77.05,72.2,72.2,73.96,92.35,21.45,"5,93,36,442","4,38,82,41,503.75","2,26,779"
2023-10-25,EQ,73.4,74.9,68.0,72.2,70.35,70.3,71.37,92.35,21.45,"6,73,64,514","4,80,77,61,367.45","2,19,055"
2023-10-26,EQ,68.9,71.4,65.75,70.3,69.9,70.2,67.87,92.35,21.45,"10,99,65,024","7,46,34,78,052.50","3,05,784"
2023-10-27,EQ,71.4,73.15,70.45,70.2,71.9,71.95,72.05,92.35,21.45,"7,11,17,911","5,12,43,19,868.00","1,69,239"
2023-10-30,EQ,72.45,73.1,69.9,71.95,72.65,72.75,71.79,92.35,22.4,"4,47,19,772","3,21,03,01,808.85","1,12,560"
2023-10-31,EQ,73.7,74.4,72.1,72.75,72.6,72.6,73.45,92.35,22.4,"4,46,14,720","3,27,69,29,457.80","1,04,240"
2023-11-01,EQ,72.95,73.4,72.5,72.6,73.15,72.95,72.95,92.35,22.4,"1,71,72,572","1,25,27,60,508.20","57,919"
2023-11-02,EQ,74.0,74.55,72.8,72.95,73.2,73.05,73.49,92.35,22.4,"2,22,36,579","1,63,40,75,969.25","69,936"
2023-11-03,EQ,72.7,73.35,71.05,73.05,72.15,72.15,72.33,92.35,22.4,"3,59,93,734","2,60,34,98,133.10","95,523"
2023-11-06,EQ,73.1,74.2,72.65,72.15,72.85,72.8,73.21,92.35,23.95,"2,89,25,365","2,11,75,35,136.95","1,00,800"
2023-11-07,EQ,73.25,74.3,72.8,72.8,73.15,73.05,73.47,92.35,23.95,"3,27,35,491","2,40,52,25,369.50","71,942"
2023-11-08,EQ,73.5,76.5,73.4,73.05,75.65,75.6,75.19,92.35,23.95,"6,16,39,026","4,63,48,84,508.50","1,15,067"
2023-11-09,EQ,76.0,76.9,74.1,75.6,74.6,74.6,75.56,92.35,23.95,"3,52,23,000","2,66,14,12,361.45","94,622"
2023-11-10,EQ,74.4,74.4,73.25,74.6,74.05,74.1,73.89,92.35,23.95,"2,01,15,569","1,48,64,13,210.20","54,178"
2023-11-12,EQ,74.9,75.4,74.65,74.1,74.85,74.8,74.92,92.35,23.95,"81,71,770","61,22,43,836.20","72,996"
2023-11-13,EQ,74.6,74.65,73.55,74.8,73.7,73.65,74.01,92.35,24.4,"2,14,66,105","1,58,86,66,995.00","62,432"
2023-11-15,EQ,74.4,74.8,73.15,73.65,73.3,73.5,73.87,92.35,24.4,"1,98,71,941","1,46,79,44,525.65","68,330"
2023-11-16,EQ,73.75,73.9,73.0,73.5,73.15,73.1,73.38,92.35,24.4,"1,52,27,424","1,11,73,13,774.35","71,610"
2023-11-17,EQ,73.4,77.6,72.7,73.1,76.75,76.9,76.1,92.35,24.4,"11,68,18,430","8,89,03,62,724.60","1,92,578"
2023-11-20,EQ,77.4,78.5,75.8,76.9,76.1,76.1,76.9,92.35,25.4,"4,69,28,842","3,60,86,49,722.05","1,17,476"
2023-11-21,EQ,76.5,78.2,76.35,76.1,76.95,76.85,77.25,92.35,25.4,"4,98,93,620","3,85,44,70,610.00","1,12,493"
2023-11-22,EQ,77.3,78.1,75.5,76.85,76.7,76.7,76.8,92.35,25.4,"3,55,91,880","2,73,33,52,458.20","85,026"
2023-11-23,EQ,76.8,77.4,76.35,76.7,76.45,76.5,76.69,92.35,25.4,"2,27,83,082","1,74,73,06,338.25","67,160"
2023-11-24,EQ,76.85,77.5,75.9,76.5,76.05,76.1,76.55,92.35,25.4,"2,16,04,709","1,65,39,05,398.30","56,978"
2023-11-28,EQ,76.45,76.75,75.25,76.1,75.55,75.6,75.95,92.35,25.4,"2,50,80,614","1,90,48,10,875.10","82,236"
2023-11-29,EQ,76.0,76.35,75.0,75.6,75.1,75.3,75.71,92.35,25.4,"1,46,35,478","1,10,80,34,638.40","57,034"
2023-11-30,EQ,75.45,75.45,74.15,75.3,74.65,74.65,74.7,92.35,25.4,"1,90,03,196","1,41,94,77,144.80","79,599"
2023-12-01,EQ,74.95,77.25,74.8,74.65,75.35,75.4,76.18,92.35,25.4,"3,44,11,168","2,62,14,59,715.85","86,527"
2023-12-04,EQ,78.0,78.15,76.15,75.4,76.4,76.4,77.07,92.35,25.4,"5,43,36,061","4,18,77,92,394.45","1,15,848"
2023-12-05,EQ,77.0,77.2,75.8,76.4,76.15,76.15,76.44,92.35,25.4,"2,80,21,269","2,14,19,86,014.70","87,306"
2023-12-06,EQ,76.5,76.55,75.6,76.15,75.85,75.8,75.9,92.35,25.4,"2,41,45,206","1,83,25,71,976.80","85,420"
2023-12-07,EQ,75.0,76.65,74.6,75.8,76.1,76.05,75.82,92.35,25.4,"2,50,13,914","1,89,64,92,114.95","76,107"
2023-12-08,EQ,76.1,77.65,75.6,76.05,76.5,76.6,76.72,92.35,25.4,"4,73,22,739","3,63,04,02,470.55","1,11,550"
2023-12-11,EQ,77.0,83.35,76.8,76.6,82.45,82.2,81.36,92.35,25.4,"26,86,76,897","21,85,93,97,931.75","4,79,227"
2023-12-12,EQ,84.45,86.5,82.05,82.2,82.95,83.05,83.96,92.35,25.4,"13,54,91,070","11,37,58,29,726.40","3,20,732"
2023-12-13,EQ,84.0,85.4,83.1,83.05,83.6,83.5,84.26,92.35,25.4,"8,45,59,239","7,12,51,66,053.75","2,18,115"
2023-12-14,EQ,84.95,96.2,84.8,83.5,92.7,92.65,91.69,96.2,25.4,"47,59,75,248","43,64,20,36,830.55","7,70,636"
2023-12-15,EQ,95.0,100.8,94.1,92.65,94.95,94.7,97.35,100.8,25.4,"32,51,50,277","31,65,21,34,613.50","6,70,234"
2023-12-18,EQ,95.9,96.35,91.25,94.7,94.3,94.35,94.09,100.8,25.4,"15,18,21,592","14,28,51,43,565.75","3,70,811"
2023-12-19,EQ,94.95,101.5,94.5,94.35,100.15,100.1,99.6,101.5,25.4,"32,81,91,530","32,68,92,21,772.45","5,99,399"
2023-12-20,EQ,102.2,104.1,91.3,100.1,92.4,92.45,97.8,104.1,25.4,"26,39,36,530","25,81,27,03,967.65","6,42,580"
2023-12-21,EQ,90.9,99.8,87.1,92.45,99.35,98.85,95.64,104.1,25.4,"28,09,04,719","26,86,60,05,522.90","5,75,671"
2023-12-22,EQ,101.0,101.9,96.65,98.85,97.6,97.75,98.54,104.1,25.4,"13,76,46,820","13,56,38,64,765.85","3,23,200"
2023-12-26,EQ,98.5,99.3,96.55,97.75,97.4,97.4,97.9,104.1,25.4,"7,77,25,407","7,60,91,72,347.50","2,26,630"
2023-12-27,EQ,98.0,98.9,96.2,97.4,96.75,96.7,97.41,104.1,25.4,"4,84,28,319","4,71,73,54,517.50","1,66,265"
2023-12-28,EQ,97.25,98.6,96.05,96.7,96.25,96.45,97.24,104.1,25.4,"5,94,68,778","5,78,27,68,330.35","1,74,610"
2023-12-29,EQ,96.7,100.5,96.5,96.45,99.1,99.35,98.88,104.1,25.4,"15,32,01,085","15,14,92,65,485.25","3,06,464"
2024-01-01,EQ,100.0,102.4,99.4,99.35,100.3,100.4,101.07,104.1,25.4,"10,28,49,848","10,39,55,42,765.10","2,87,986"
2024-01-02,EQ,101.0,101.65,97.8,100.4,100.2,100.0,99.66,104.1,25.4,"7,00,51,082","6,98,10,29,879.00","2,27,235"
2024-01-03,EQ,100.2,101.95,99.0,100.0,100.8,100.9,100.72,104.1,25.4,"9,68,43,171","9,75,37,60,828.15","2,27,760"
2024-01-04,EQ,101.7,103.6,100.9,100.9,101.25,101.3,102.13,104.1,25.4,"6,68,10,041","6,82,33,16,261.05","1,95,173"
2024-01-05,EQ,101.95,102.45,99.9,101.3,100.85,100.75,101.13,104.1,25.4,"4,35,42,157","4,40,32,23,743.80","1,78,890"
2024-01-08,EQ,101.35,101.7,99.6,100.75,100.1,99.95,100.34,104.1,25.4,"3,88,95,310","3,90,28,76,161.40","1,63,756"
2024-01-09,EQ,100.9,102.2,99.9,99.95,100.0,100.1,101.05,104.1,25.4,"4,48,04,938","4,52,75,47,428.80","1,51,257"
2024-01-10,EQ,100.45,103.5,99.55,100.1,103.25,103.05,101.92,104.1,25.4,"11,03,16,122","11,24,30,13,232.70","2,16,035"
2024-01-11,EQ,104.7,109.3,104.25,103.05,106.9,106.85,107.04,109.3,25.4,"19,12,94,222","20,47,67,68,288.70","4,44,145"
2024-01-12,EQ,109.0,114.0,108.85,106.85,113.55,113.4,112.37,114.0,25.4,"19,93,80,642","22,40,37,55,994.95","4,92,498"
2024-01-15,EQ,116.7,134.75,116.7,113.4,132.0,130.1,128.3,134.75,25.4,"44,84,51,444","57,53,55,90,637.25","11,82,933"
2024-01-16,EQ,138.6,146.8,136.15,130.1,142.3,141.85,141.14,146.8,25.4,"49,27,05,331","69,53,86,44,726.00","13,41,727"
2024-01-17,EQ,138.0,150.7,133.05,141.85,148.55,149.1,145.9,150.7,25.4,"33,64,63,589","49,08,88,55,962.55","9,85,122"
2024-01-18,EQ,153.0,155.0,136.3,149.1,145.75,146.25,145.61,155.0,25.4,"27,21,34,347","39,62,58,08,578.15","9,07,640"
2024-01-19,EQ,149.5,160.85,149.2,146.25,160.85,160.25,156.79,160.85,25.4,"26,60,85,180","41,71,90,52,143.05","8,71,846"
2024-01-20,EQ,167.0,176.25,166.05,160.25,176.25,176.25,173.91,176.25,25.4,"9,78,72,275","17,02,09,74,814.85","4,99,024"
2024-01-23,EQ,185.8,192.8,158.75,176.25,162.45,161.3,171.79,192.8,25.4,"26,91,08,130","46,22,90,35,973.30","14,04,989"
2024-01-24,EQ,165.0,173.3,151.0,161.3,172.45,171.9,166.51,192.8,25.4,"19,81,13,352","32,98,85,57,724.10","8,09,647"
2024-01-25,EQ,174.75,178.3,171.5,171.9,173.8,173.85,174.98,192.8,25.4,"10,00,74,798","17,51,12,40,470.05","5,31,913"
2024-01-29,EQ,177.3,178.3,169.3,173.85,170.9,170.85,171.78,192.8,25.4,"7,43,41,987","12,77,01,19,824.05","4,48,141"
2024-01-30,EQ,171.4,172.15,164.15,170.85,167.2,166.65,167.54,192.8,25.4,"6,93,98,771","11,62,71,49,632.30","4,26,449"
2024-01-31,EQ,167.85,176.8,166.0,166.65,176.5,175.15,172.64,192.8,25.4,"8,41,94,726","14,53,55,28,659.45","3,93,469"
2024-02-01,EQ,180.0,183.25,168.2,175.15,170.4,169.9,176.28,192.8,25.4,"16,58,94,732","29,24,32,19,991.50","8,00,797"
2024-02-02,EQ,172.7,175.0,167.1,169.9,168.9,168.95,170.13,192.8,25.4,"6,17,39,734","10,50,35,52,611.60","3,65,908"
2024-02-05,EQ,170.15,170.2,160.0,168.95,160.4,160.55,163.2,192.8,25.4,"6,89,87,316","11,25,85,68,929.50","5,92,725"
2024-02-06,EQ,161.4,164.2,152.1,160.55,161.4,160.9,159.86,192.8,25.4,"8,14,34,112","13,01,83,26,877.55","4,49,663"
2024-02-07,EQ,164.5,165.9,159.65,160.9,162.95,162.5,162.64,192.8,25.4,"3,68,16,341","5,98,76,42,205.85","2,21,016"
2024-02-08,EQ,164.4,164.4,160.7,162.5,162.05,161.95,162.21,192.8,25.4,"3,42,18,693","5,55,06,09,420.25","2,11,671"
2024-02-09,EQ,162.0,162.0,149.15,161.95,153.75,153.7,154.29,192.8,25.4,"6,48,01,528","9,99,83,59,023.20","5,05,587"
2024-02-12,EQ,150.65,151.05,130.2,153.7,133.4,132.95,139.81,192.8,25.4,"12,87,16,009","17,99,59,12,885.25","8,41,931"
2024-02-13,EQ,132.0,156.3,127.65,132.95,155.85,153.45,146.55,192.8,25.4,"24,06,31,230","35,26,46,88,468.25","9,31,351"
2024-02-14,EQ,153.4,157.4,145.5,153.45,154.1,154.3,152.71,192.8,25.4,"15,28,49,830","23,34,11,25,012.35","6,02,539"
2024-02-15,EQ,156.3,161.5,154.9,154.3,158.3,158.9,159.18,192.8,25.4,"7,70,35,160","12,26,21,65,804.40","3,52,476"
2024-02-16,EQ,159.75,161.4,155.0,158.9,155.65,155.45,156.77,192.8,25.4,"4,19,02,227","6,56,89,68,497.55","2,39,909"
2024-02-19,EQ,156.0,164.35,154.35,155.45,158.8,158.65,160.74,192.8,25.4,"8,74,23,359","14,05,27,92,021.20","3,99,795"
2024-02-20,EQ,159.65,160.75,157.15,158.65,157.95,158.5,158.7,192.8,25.4,"3,59,87,220","5,71,10,35,028.35","1,97,796"
2024-02-21,EQ,158.85,160.4,153.4,158.5,154.65,154.2,156.46,192.8,25.4,"3,57,06,625","5,58,66,18,928.35","2,17,052"
2024-02-22,EQ,154.1,155.85,149.2,154.2,152.7,152.2,152.18,192.8,25.4,"3,93,15,419","5,98,29,21,738.35","2,07,677"
2024-02-23,EQ,153.7,156.4,152.7,152.2,153.1,153.2,154.5,192.8,25.4,"3,44,25,812","5,31,88,71,724.55","1,83,364"
